Type;Class;Units;Avg_Mass (kg);Avg_Purchase;Avg_Selling;Selling_Min;Selling_Max;Start_date;End_date
Cattle;A2;8756.0;259.87;36.07;36.06;29.5;39.19;2016/01/04;2016/01/10
Cattle;A3;933.0;269.86;35.91;36.36;33.52;39.38;2016/01/04;2016/01/10
Cattle;AB2;387.0;247.77;33.65;32.54;29.5;38.27;2016/01/04;2016/01/10
Cattle;AB3;46.0;281.55;35.04;34.1;28.0;35.81;2016/01/04;2016/01/10
Cattle;B2;213.0;237.07;30.67;29.42;26.45;33.17;2016/01/04;2016/01/10
Cattle;B3;23.0;289.72;30.44;29.34;28.0;31.55;2016/01/04;2016/01/10
Cattle;C2;1086.0;250.05;28.87;28.29;25.27;31.5;2016/01/04;2016/01/10
Cattle;C3;161.0;289.98;29.37;28.71;25.21;31.5;2016/01/04;2016/01/10
Cattle;A2;12001.0;258.96;39.18;39.31;37.12;42.51;2017/01/02;2017/01/08
Cattle;A3;1308.0;277.74;39.13;39.07;37.0;42.53;2017/01/02;2017/01/08
Cattle;AB2;378.0;263.26;36.98;37.56;30.5;41.74;2017/01/02;2017/01/08
Cattle;AB3;98.0;279.98;37.08;38.36;36.0;41.74;2017/01/02;2017/01/08
Cattle;B2;183.0;274.37;35.15;35.78;32.33;39.42;2017/01/02;2017/01/08
Cattle;B3;65.0;257.49;34.35;35.56;32.5;36.35;2017/01/02;2017/01/08
Cattle;C2;697.0;262.4;33.76;32.61;30.0;39.28;2017/01/02;2017/01/08
Cattle;C3;129.0;295.65;32.37;34.18;30.0;38.5;2017/01/02;2017/01/08
Cattle;A2;10263.0;258.08;43.64;44.23;34.0;47.5;2017/03/06;2017/03/12
Cattle;A3;1046.0;275.51;43.56;44.24;43.0;47.5;2017/03/06;2017/03/12
Cattle;AB2;599.0;246.04;41.62;42.25;40.74;44.3;2017/03/06;2017/03/12
Cattle;AB3;97.0;272.1;41.59;42.25;36.5;44.0;2017/03/06;2017/03/12
Cattle;B2;455.0;236.64;39.76;38.23;34.95;41.3;2017/03/06;2017/03/12
Cattle;B3;91.0;270.66;37.87;38.29;34.5;39.02;2017/03/06;2017/03/12
Cattle;C2;2071.0;248.55;36.36;36.47;32.57;39.11;2017/03/06;2017/03/12
Cattle;C3;569.0;275.27;36.47;36.79;32.57;38.95;2017/03/06;2017/03/12
Cattle;A2;9168.0;253.69;43.87;44.31;35.0;47.5;2017/03/13;2017/03/19
Cattle;A3;1119.0;273.05;44.0;44.35;42.0;47.5;2017/03/13;2017/03/19
Cattle;AB2;452.0;250.27;42.26;41.36;36.0;47.5;2017/03/13;2017/03/19
Cattle;AB3;56.0;280.4;42.18;41.52;37.95;43.5;2017/03/13;2017/03/19
Cattle;B2;260.0;238.1;37.59;37.92;34.0;41.3;2017/03/13;2017/03/19
Cattle;B3;55.0;267.74;37.55;38.2;34.0;40.15;2017/03/13;2017/03/19
Cattle;C2;1447.0;247.69;37.03;37.18;32.94;38.92;2017/03/13;2017/03/19
Cattle;C3;456.0;273.12;37.2;37.63;32.94;39.38;2017/03/13;2017/03/19
Cattle;A2;9456.0;261.57;39.33;39.28;31.46;42.15;2016/03/21;2016/03/27
Cattle;A3;2902.0;273.75;39.06;39.49;38.0;42.15;2016/03/21;2016/03/27
Cattle;AB2;471.0;262.52;37.5;37.04;28.34;42.15;2016/03/21;2016/03/27
Cattle;AB3;144.0;286.36;36.32;35.82;28.34;39.1;2016/03/21;2016/03/27
Cattle;B2;399.0;252.33;32.87;33.98;29.9;36.52;2016/03/21;2016/03/27
Cattle;B3;82.0;278.74;32.58;32.99;29.5;36.22;2016/03/21;2016/03/27
Cattle;C2;1257.0;248.08;28.24;30.14;28.0;34.5;2016/03/21;2016/03/27
Cattle;C3;357.0;280.27;28.35;30.17;28.0;34.5;2016/03/21;2016/03/27
Cattle;A2;8429.0;255.38;42.96;44.08;32.21;47.5;2017/03/20;2017/03/26
Cattle;A3;880.0;281.5;43.11;44.4;42.81;47.5;2017/03/20;2017/03/26
Cattle;AB2;608.0;255.15;41.1;42.6;34.28;47.99;2017/03/20;2017/03/26
Cattle;AB3;66.0;287.26;41.57;43.29;39.18;47.99;2017/03/20;2017/03/26
Cattle;B2;367.0;228.13;37.4;38.18;34.0;47.5;2017/03/20;2017/03/26
Cattle;B3;45.0;261.59;37.17;38.68;36.0;41.8;2017/03/20;2017/03/26
Cattle;C2;1409.0;242.31;36.41;36.88;33.0;39.0;2017/03/20;2017/03/26
Cattle;C3;435.0;269.14;36.66;37.81;33.0;39.0;2017/03/20;2017/03/26
Cattle;A2;11875.0;265.26;39.38;39.57;38.47;42.15;2016/03/28;2016/04/03
Cattle;A3;1737.0;274.46;38.37;39.51;37.98;42.15;2016/03/28;2016/04/03
Cattle;AB2;647.0;266.91;36.51;38.19;30.0;42.15;2016/03/28;2016/04/03
Cattle;AB3;122.0;286.71;35.98;37.81;30.0;41.19;2016/03/28;2016/04/03
Cattle;B2;502.0;250.78;32.14;33.55;26.0;38.0;2016/03/28;2016/04/03
Cattle;B3;88.0;295.45;32.73;34.16;27.5;38.4;2016/03/28;2016/04/03
Cattle;C2;1717.0;250.64;28.58;29.48;28.0;34.5;2016/03/28;2016/04/03
Cattle;C3;477.0;279.87;28.94;29.69;27.0;34.5;2016/03/28;2016/04/03
Cattle;A2;11819.0;260.57;39.35;39.48;38.47;42.15;2016/04/04;2016/04/10
Cattle;A3;1686.0;280.76;38.83;39.19;38.0;42.15;2016/04/04;2016/04/10
Cattle;AB2;740.0;266.64;37.09;37.33;31.5;42.15;2016/04/04;2016/04/10
Cattle;AB3;141.0;298.2;37.38;37.57;33.57;42.15;2016/04/04;2016/04/10
Cattle;B2;637.0;250.33;33.1;33.59;28.47;37.9;2016/04/04;2016/04/10
Cattle;B3;128.0;286.99;33.66;33.9;28.0;36.5;2016/04/04;2016/04/10
Cattle;C2;2284.0;245.53;28.7;29.48;27.0;34.5;2016/04/04;2016/04/10
Cattle;C3;645.0;276.41;29.05;28.54;27.0;34.5;2016/04/04;2016/04/10
Cattle;A2;10219.0;267.11;38.24;36.32;32.0;42.15;2016/04/19;2016/04/26
Cattle;A3;1900.0;281.73;38.03;39.11;36.49;42.15;2016/04/19;2016/04/26
Cattle;AB2;1016.0;256.41;35.48;35.21;30.0;42.15;2016/04/19;2016/04/26
Cattle;AB3;103.0;293.1;37.0;37.23;26.94;42.15;2016/04/19;2016/04/26
Cattle;B2;547.0;296.48;32.87;33.52;29.5;36.12;2016/04/19;2016/04/26
Cattle;B3;61.0;307.47;33.51;33.16;27.0;36.0;2016/04/19;2016/04/26
Cattle;C2;2059.0;237.43;26.79;29.13;27.0;33.3;2016/04/19;2016/04/26
Cattle;C3;359.0;275.64;27.86;29.44;27.5;33.3;2016/04/19;2016/04/26
Cattle;A2;11702.0;258.36;38.41;38.4;31.0;41.5;2016/04/25;2016/05/01
Cattle;A3;1966.0;278.32;38.15;38.37;35.0;41.5;2016/04/25;2016/05/01
Cattle;AB2;535.0;258.94;36.29;36.95;32.0;41.48;2016/04/25;2016/05/01
Cattle;AB3;131.0;270.26;36.34;37.32;32.0;41.48;2016/04/25;2016/05/01
Cattle;B2;458.0;250.68;31.79;33.05;27.5;36.73;2016/04/25;2016/05/01
Cattle;B3;96.0;274.93;32.3;33.37;28.5;37.79;2016/04/25;2016/05/01
Cattle;C2;1970.0;248.76;28.39;29.34;26.0;32.0;2016/04/25;2016/05/01
Cattle;C3;671.0;273.24;29.31;30.34;26.0;32.0;2016/04/25;2016/05/01
Cattle;A2;9686.0;254.6;38.34;38.63;34.78;40.9;2016/05/02;2016/05/08
Cattle;A3;1855.0;275.28;38.39;38.8;37.98;40.9;2016/05/02;2016/05/08
Cattle;AB2;526.0;235.44;35.8;36.82;31.87;40.96;2016/05/02;2016/05/08
Cattle;AB3;120.0;274.15;35.88;37.04;34.95;40.96;2016/05/02;2016/05/08
Cattle;B2;384.0;230.93;30.73;31.75;27.0;37.81;2016/05/02;2016/05/08
Cattle;B3;99.0;256.36;30.08;31.41;28.0;37.5;2016/05/02;2016/05/08
Cattle;C2;1366.0;255.05;28.34;29.07;27.5;33.3;2016/05/02;2016/05/08
Cattle;C3;528.0;284.26;28.57;29.48;27.0;33.3;2016/05/02;2016/05/08
Cattle;A2;10500.0;262.03;38.15;37.92;37.99;40.9;2016/05/09;2016/05/15
Cattle;A3;1668.0;275.16;38.46;38.21;37.93;40.9;2016/05/09;2016/05/15
Cattle;AB2;713.0;255.76;36.25;36.03;36.02;40.5;2016/05/09;2016/05/15
Cattle;AB3;115.0;297.42;36.72;35.97;33.81;39.0;2016/05/09;2016/05/15
Cattle;B2;567.0;263.7;32.39;32.22;31.98;35.0;2016/05/09;2016/05/15
Cattle;B3;107.0;278.71;32.04;32.07;27.85;35.05;2016/05/09;2016/05/15
Cattle;C2;2477.0;252.53;27.79;29.19;27.16;33.3;2016/05/09;2016/05/15
Cattle;C3;746.0;282.52;28.18;29.2;27.16;33.3;2016/05/09;2016/05/15
Cattle;A2;8078.0;262.9;34.82;34.64;28.12;39.5;2016/01/11;2016/01/17
Cattle;A3;1008.0;283.14;34.58;34.98;29.35;39.38;2016/01/11;2016/01/17
Cattle;AB2;381.0;256.07;33.46;32.49;28.38;35.81;2016/01/11;2016/01/17
Cattle;AB3;62.0;276.32;34.06;33.62;29.28;35.81;2016/01/11;2016/01/17
Cattle;B2;360.0;242.86;30.44;29.36;27.05;32.0;2016/01/11;2016/01/17
Cattle;B3;41.0;286.99;30.72;30.92;27.94;32.17;2016/01/11;2016/01/17
Cattle;C2;1330.0;249.22;27.81;27.24;25.73;31.0;2016/01/11;2016/01/17
Cattle;C3;226.0;279.18;28.84;27.49;25.82;31.0;2016/01/11;2016/01/17
Cattle;A2;9883.0;252.8;38.78;38.43;36.17;42.15;2017/01/09;2017/01/15
Cattle;A3;997.0;276.57;38.63;38.62;36.72;42.15;2017/01/09;2017/01/15
Cattle;AB2;350.0;243.61;36.7;36.7;29.0;40.5;2017/01/09;2017/01/15
Cattle;AB3;53.0;277.83;37.45;37.18;34.5;39.11;2017/01/09;2017/01/15
Cattle;B2;236.0;240.73;34.96;35.92;32.0;39.42;2017/01/09;2017/01/15
Cattle;B3;46.0;276.07;34.62;35.44;31.09;38.5;2017/01/09;2017/01/15
Cattle;C2;1287.0;258.78;33.62;35.0;31.0;39.5;2017/01/09;2017/01/15
Cattle;C3;371.0;285.41;34.0;35.75;31.0;39.5;2017/01/09;2017/01/15
Cattle;A2;5387.0;264.55;47.56;47.86;46.0;49.01;2018/01/08;2018/01/14
Cattle;A3;864.0;280.69;47.67;47.8;46.72;49.14;2018/01/08;2018/01/14
Cattle;AB2;500.0;267.17;46.3;47.03;45.02;48.28;2018/01/08;2018/01/14
Cattle;AB3;69.0;300.81;45.87;40.46;44.71;48.14;2018/01/08;2018/01/14
Cattle;B2;369.0;250.09;43.89;45.59;42.52;47.5;2018/01/08;2018/01/14
Cattle;B3;63.0;283.88;43.98;45.33;42.02;47.65;2018/01/08;2018/01/14
Cattle;C2;1178.0;251.29;43.28;43.4;41.54;46.04;2018/01/08;2018/01/14
Cattle;C3;332.0;277.07;43.52;44.22;42.18;46.11;2018/01/08;2018/01/14
Cattle;A0;25.0;13.22;62.81;61.98;60.08;65.0;2018/01/08;2018/01/14
Cattle;A1;148.0;15.14;72.17;69.12;63.01;77.47;2018/01/08;2018/01/14
Cattle;A2;8244.0;21.65;75.98;73.2;70.72;80.3;2018/01/08;2018/01/14
Cattle;A3;1183.0;25.5;75.61;72.45;70.33;79.5;2018/01/08;2018/01/14
Cattle;A4;231.0;26.88;69.04;65.29;61.92;74.7;2018/01/08;2018/01/14
Cattle;A5;19.0;30.28;65.33;62.87;52.87;72.88;2018/01/08;2018/01/14
Cattle;A6;10.0;27.43;57.11;51.7;51.17;58.0;2018/01/08;2018/01/14
Cattle;AB2;125.0;21.5;68.38;68.37;61.12;73.89;2018/01/08;2018/01/14
Cattle;AB3;12.0;25.89;71.05;65.64;61.12;74.13;2018/01/08;2018/01/14
Cattle;B2;74.0;23.29;62.43;62.48;59.76;68.25;2018/01/08;2018/01/14
Cattle;B3;4.0;24.23;61.3;61.52;59.57;68.0;2018/01/08;2018/01/14
Cattle;C2;1039.0;23.77;53.77;55.03;53.31;67.32;2018/01/08;2018/01/14
Cattle;C3;73.0;26.87;51.05;54.52;52.53;64.78;2018/01/08;2018/01/14
Cattle;A2;3714.0;260.26;47.33;47.07;44.74;48.6;2017/05/15;2017/05/21
Cattle;A3;596.0;276.99;47.25;47.33;45.27;49.4;2017/05/15;2017/05/21
Cattle;AB2;326.0;241.5;44.66;44.67;40.87;46.57;2017/05/15;2017/05/21
Cattle;AB3;69.0;272.37;44.81;45.27;41.73;48.19;2017/05/15;2017/05/21
Cattle;B2;354.0;234.9;38.96;40.34;38.77;42.29;2017/05/15;2017/05/21
Cattle;B3;72.0;255.62;38.67;40.06;37.46;39.65;2017/05/15;2017/05/21
Cattle;C2;1735.0;245.78;37.92;38.18;36.91;39.83;2017/05/15;2017/05/21
Cattle;C3;616.0;272.66;38.81;38.93;37.5;40.0;2017/05/15;2017/05/21
Cattle;A2;9141.0;267.28;38.57;38.21;36.0;40.9;2016/05/16;2016/05/22
Cattle;A3;1579.0;281.45;38.31;38.76;37.23;40.9;2016/05/16;2016/05/22
Cattle;AB2;598.0;256.96;36.12;35.19;31.21;39.05;2016/05/16;2016/05/22
Cattle;AB3;97.0;295.3;36.56;35.97;32.1;41.16;2016/05/16;2016/05/22
Cattle;B2;508.0;252.01;31.55;31.78;27.5;38.16;2016/05/16;2016/05/22
Cattle;B3;79.0;278.85;31.48;31.29;28.5;36.0;2016/05/16;2016/05/22
Cattle;C2;2371.0;248.57;27.43;28.79;26.2;32.6;2016/05/16;2016/05/22
Cattle;C3;594.0;277.11;27.75;28.75;26.2;32.6;2016/05/16;2016/05/22
Cattle;A2;11313.0;262.93;38.54;38.34;27.5;40.41;2016/05/23;2016/05/29
Cattle;A3;2298.0;279.74;38.37;38.29;35.57;40.69;2016/05/23;2016/05/29
Cattle;AB2;814.0;253.27;36.16;36.44;26.5;41.16;2016/05/23;2016/05/29
Cattle;AB3;164.0;303.72;36.47;36.4;30.0;41.16;2016/05/23;2016/05/29
Cattle;B2;758.0;252.28;32.45;32.2;26.5;37.53;2016/05/23;2016/05/29
Cattle;B3;151.0;294.54;32.92;33.0;28.0;37.16;2016/05/23;2016/05/29
Cattle;C2;2038.0;247.62;28.39;28.68;26.54;32.6;2016/05/23;2016/05/29
Cattle;C3;719.0;282.94;28.45;28.71;26.93;32.5;2016/05/23;2016/05/29
Cattle;A2;9873.0;263.25;38.79;39.26;23.8;40.93;2016/05/30;2016/06/05
Cattle;A3;2092.0;281.18;38.67;39.33;36.49;40.06;2016/05/30;2016/06/05
Cattle;AB2;510.0;254.21;36.67;37.57;26.0;39.9;2016/05/30;2016/06/05
Cattle;AB3;109.0;297.96;36.31;38.0;30.0;40.0;2016/05/30;2016/06/05
Cattle;B2;475.0;253.45;31.88;32.77;25.0;37.73;2016/05/30;2016/06/05
Cattle;B3;93.0;289.59;32.28;33.29;27.5;37.3;2016/05/30;2016/06/05
Cattle;C2;1469.0;254.51;28.9;50.36;27.0;240.51;2016/05/30;2016/06/05
Cattle;C3;508.0;286.68;28.86;31.11;26.0;33.8;2016/05/30;2016/06/05
Cattle;A2;10827.0;256.01;38.33;37.77;35.8;40.0;2016/06/06;2016/06/12
Cattle;A3;1653.0;275.97;38.33;37.62;36.28;40.0;2016/06/06;2016/06/12
Cattle;AB2;551.0;260.25;36.27;35.6;30.63;41.11;2016/06/06;2016/06/12
Cattle;AB3;100.0;297.96;36.87;36.28;31.5;41.11;2016/06/06;2016/06/12
Cattle;B2;610.0;263.46;32.4;32.96;27.64;38.11;2016/06/06;2016/06/12
Cattle;B3;105.0;305.33;32.66;32.34;27.5;38.11;2016/06/06;2016/06/12
Cattle;C2;2267.0;242.56;28.29;28.46;26.8;31.9;2016/06/06;2016/06/12
Cattle;C3;513.0;280.37;28.35;28.28;26.77;32.73;2016/06/06;2016/06/12
Cattle;A2;9385.0;262.95;37.51;37.8;36.62;41.19;2016/06/13;2016/06/19
Cattle;A3;1632.0;280.22;37.89;37.28;33.51;39.0;2016/06/13;2016/06/19
Cattle;AB2;583.0;268.83;35.85;35.43;27.03;39.84;2016/06/13;2016/06/19
Cattle;AB3;147.0;299.75;35.17;35.25;30.0;39.84;2016/06/13;2016/06/19
Cattle;B2;628.0;250.11;31.73;31.86;26.64;35.0;2016/06/13;2016/06/19
Cattle;B3;133.0;279.27;31.2;31.41;27.0;35.25;2016/06/13;2016/06/19
Cattle;C2;2366.0;245.83;28.39;29.31;27.0;34.5;2016/06/13;2016/06/19
Cattle;C3;730.0;278.02;28.49;29.78;27.0;34.5;2016/06/13;2016/06/19
Cattle;A2;11053.0;263.04;37.78;38.05;32.01;42.88;2016/06/20;2016/06/26
Cattle;A3;2083.0;279.18;37.8;38.26;36.3;42.1;2016/06/20;2016/06/26
Cattle;AB2;657.0;256.32;35.45;35.72;29.0;38.5;2016/06/20;2016/06/26
Cattle;AB3;112.0;286.71;35.83;35.62;29.5;37.9;2016/06/20;2016/06/26
Cattle;B2;693.0;253.99;31.48;32.79;28.5;40.74;2016/06/20;2016/06/26
Cattle;B3;130.0;289.06;31.64;32.85;29.0;40.74;2016/06/20;2016/06/26
Cattle;C2;2753.0;250.61;28.48;28.97;27.0;34.5;2016/06/20;2016/06/26
Cattle;C3;731.0;284.86;28.89;29.46;27.0;34.5;2016/06/20;2016/06/26
Cattle;A2;13126.0;260.35;37.95;38.05;31.26;40.1;2016/06/27;2016/07/03
Cattle;A3;2339.0;277.58;37.96;37.72;34.0;40.2;2016/06/27;2016/07/03
Cattle;AB2;608.0;258.97;35.81;36.26;29.01;38.5;2016/06/27;2016/07/03
Cattle;AB3;146.0;283.65;36.29;36.44;33.36;38.25;2016/06/27;2016/07/03
Cattle;B2;618.0;252.44;31.67;32.79;28.0;37.4;2016/06/27;2016/07/03
Cattle;B3;160.0;282.7;32.16;33.0;29.5;37.7;2016/06/27;2016/07/03
Cattle;C2;2561.0;252.75;29.29;29.19;27.0;32.8;2016/06/27;2016/07/03
Cattle;C3;723.0;285.77;29.45;29.75;27.0;32.8;2016/06/27;2016/07/03
Cattle;A2;10297.0;260.13;38.01;37.97;37.07;40.0;2016/07/04;2016/07/10
Cattle;A3;1769.0;277.85;38.02;38.07;36.1;40.0;2016/07/04;2016/07/10
Cattle;AB2;492.0;266.11;36.35;36.68;29.74;38.5;2016/07/04;2016/07/10
Cattle;AB3;97.0;287.27;37.03;36.68;29.0;38.9;2016/07/04;2016/07/10
Cattle;B2;658.0;263.26;32.1;33.51;29.0;35.8;2016/07/04;2016/07/10
Cattle;B3;133.0;287.6;32.43;33.18;30.0;36.0;2016/07/04;2016/07/10
Cattle;C2;2165.0;257.32;29.58;30.18;27.0;32.5;2016/07/04;2016/07/10
Cattle;C3;592.0;283.42;29.84;30.8;27.5;33.14;2016/07/04;2016/07/10
Cattle;A2;13797.0;264.11;37.61;37.45;32.04;39.16;2016/07/11;2016/07/17
Cattle;A3;1503.0;284.88;37.81;37.2;35.65;39.48;2016/07/11;2016/07/17
Cattle;AB2;614.0;266.76;35.8;36.33;30.96;38.5;2016/07/11;2016/07/17
Cattle;AB3;106.0;289.38;35.4;35.8;31.0;37.61;2016/07/11;2016/07/17
Cattle;B2;632.0;269.86;32.74;33.21;27.36;37.64;2016/07/11;2016/07/17
Cattle;B3;120.0;295.04;31.95;33.3;29.5;37.64;2016/07/11;2016/07/17
Cattle;C2;2187.0;251.62;30.18;30.47;26.5;32.5;2016/07/11;2016/07/17
Cattle;C3;688.0;244.25;30.05;30.65;26.29;32.5;2016/07/11;2016/07/17
Cattle;A2;9754.0;261.09;37.7;37.36;35.0;39.0;2016/07/18;2016/07/24
Cattle;A3;1373.0;282.87;37.74;37.27;35.81;39.27;2016/07/18;2016/07/24
Cattle;AB2;447.0;268.28;35.77;36.38;30.1;40.38;2016/07/18;2016/07/24
Cattle;AB3;105.0;299.2;35.02;35.67;32.62;40.38;2016/07/18;2016/07/24
Cattle;B2;560.0;270.44;32.53;33.22;26.0;34.9;2016/07/18;2016/07/24
Cattle;B3;89.0;293.12;31.79;33.1;31.46;34.5;2016/07/18;2016/07/24
Cattle;C2;2284.0;251.23;30.02;30.52;27.84;32.7;2016/07/18;2016/07/24
Cattle;C3;640.0;280.74;30.07;31.15;28.0;32.7;2016/07/18;2016/07/24
Cattle;A2;9219.0;259.73;34.8;34.89;29.4;36.0;2018/07/16;2018/07/22
Cattle;A3;1259.0;275.02;34.91;35.08;33.94;36.0;2018/07/16;2018/07/22
Cattle;AB2;388.0;265.08;33.28;32.78;22.98;35.3;2018/07/16;2018/07/22
Cattle;AB3;57.0;283.16;33.59;33.43;30.11;35.3;2018/07/16;2018/07/22
Cattle;B2;477.0;240.66;30.53;30.22;27.32;34.9;2018/07/16;2018/07/22
Cattle;B3;54.0;289.23;31.1;30.63;28.0;34.9;2018/07/16;2018/07/22
Cattle;C2;1479.0;252.17;28.16;28.43;27.0;31.0;2018/07/16;2018/07/22
Cattle;C3;259.0;293.58;28.91;28.83;27.0;31.0;2018/07/16;2018/07/22
Cattle;A2;12595.0;258.5;39.03;38.79;36.33;42.15;2017/01/16;2017/01/22
Cattle;A3;1352.0;276.2;38.89;38.48;35.34;42.15;2017/01/16;2017/01/22
Cattle;AB2;563.0;252.46;37.59;37.71;33.5;40.5;2017/01/16;2017/01/22
Cattle;AB3;73.0;273.36;37.52;37.62;36.85;39.5;2017/01/16;2017/01/22
Cattle;B2;379.0;245.72;35.26;36.11;32.5;39.42;2017/01/16;2017/01/22
Cattle;B3;75.0;269.21;34.96;36.45;32.5;38.5;2017/01/16;2017/01/22
Cattle;C2;1755.0;255.59;34.23;34.93;27.94;39.5;2017/01/16;2017/01/22
Cattle;C3;568.0;276.59;34.29;36.0;23.9;39.5;2017/01/16;2017/01/22
Cattle;A2;13617.0;263.37;35.01;37.97;36.86;41.95;2016/07/25;2016/07/31
Cattle;A3;2054.0;283.85;37.75;37.82;36.31;40.3;2016/07/25;2016/07/31
Cattle;AB2;669.0;270.2;35.98;36.71;33.7;39.4;2016/07/25;2016/07/31
Cattle;AB3;138.0;303.37;36.2;36.83;33.09;39.4;2016/07/25;2016/07/31
Cattle;B2;794.0;267.47;32.52;33.41;29.0;36.1;2016/07/25;2016/07/31
Cattle;B3;134.0;301.96;32.38;33.43;29.0;36.1;2016/07/25;2016/07/31
Cattle;C2;2273.0;255.18;29.67;30.67;27.53;32.7;2016/07/25;2016/07/31
Cattle;C3;614.0;283.46;30.14;28.85;26.94;32.95;2016/07/25;2016/07/31
Cattle;A2;10104.0;262.96;38.17;37.98;36.88;40.07;2016/08/08;2016/08/14
Cattle;A3;1493.0;278.07;38.16;37.82;36.88;40.0;2016/08/08;2016/08/14
Cattle;AB2;534.0;269.68;36.23;36.7;31.39;41.17;2016/08/08;2016/08/14
Cattle;AB3;111.0;311.26;35.12;36.06;33.7;41.17;2016/08/08;2016/08/14
Cattle;B2;519.0;261.61;32.77;33.4;29.24;36.1;2016/08/08;2016/08/14
Cattle;B3;152.0;298.02;32.4;32.74;29.27;36.1;2016/08/08;2016/08/14
Cattle;C2;2046.0;254.34;30.41;31.08;28.0;34.86;2016/08/08;2016/08/14
Cattle;C3;646.0;291.6;30.39;31.51;28.0;34.86;2016/08/08;2016/08/14
Cattle;A2;9646.0;263.9;38.16;37.63;35.5;39.97;2016/08/15;2016/08/21
Cattle;A3;1280.0;278.03;38.0;37.81;35.0;39.17;2016/08/15;2016/08/21
Cattle;AB2;501.0;269.48;36.52;37.07;31.0;39.21;2016/08/15;2016/08/21
Cattle;AB3;120.0;294.76;35.32;35.54;32.23;39.8;2016/08/15;2016/08/21
Cattle;B2;373.0;258.33;33.22;33.79;29.96;38.82;2016/08/15;2016/08/21
Cattle;B3;76.0;286.08;32.67;33.41;29.96;39.8;2016/08/15;2016/08/21
Cattle;C2;1389.0;248.77;30.81;31.42;29.0;34.5;2016/08/15;2016/08/21
Cattle;C3;357.0;287.86;31.22;31.94;29.0;34.5;2016/08/15;2016/08/21
Cattle;A2;12647.0;258.87;38.31;37.82;36.0;41.11;2016/08/22;2016/08/28
Cattle;A3;1684.0;275.04;37.79;37.85;36.5;40.0;2016/08/22;2016/08/28
Cattle;AB2;565.0;266.96;36.68;36.24;31.0;40.35;2016/08/22;2016/08/28
Cattle;AB3;117.0;290.63;36.24;36.28;32.0;39.8;2016/08/22;2016/08/28
Cattle;B2;486.0;251.37;32.94;33.7;30.0;40.35;2016/08/22;2016/08/28
Cattle;B3;102.0;291.39;33.31;34.27;30.25;40.35;2016/08/22;2016/08/28
Cattle;C2;2050.0;252.28;31.38;31.62;28.0;34.5;2016/08/22;2016/08/28
Cattle;C3;497.0;286.29;31.43;31.98;28.0;34.5;2016/08/22;2016/08/28
Cattle;A2;14134.0;261.56;38.45;38.58;35.73;41.94;2016/08/29;2016/09/04
Cattle;A3;4796.0;269.88;38.46;38.99;36.0;40.0;2016/08/29;2016/09/04
Cattle;AB2;518.0;274.49;36.8;36.74;29.5;41.51;2016/08/29;2016/09/04
Cattle;AB3;104.0;289.54;36.23;36.86;34.5;39.9;2016/08/29;2016/09/04
Cattle;B2;451.0;255.5;33.62;33.99;30.0;37.0;2016/08/29;2016/09/04
Cattle;B3;88.0;293.01;33.63;34.04;31.0;36.1;2016/08/29;2016/09/04
Cattle;C2;2036.0;249.57;31.49;31.72;29.0;34.5;2016/08/29;2016/09/04
Cattle;C3;668.0;283.91;31.61;32.08;29.0;34.5;2016/08/29;2016/09/04
Cattle;A2;11394.0;257.24;38.33;37.85;36.5;43.0;2016/09/05;2016/09/11
Cattle;A3;1370.0;272.6;38.35;38.14;36.5;40.42;2016/09/05;2016/09/11
Cattle;AB2;523.0;259.44;35.39;36.42;30.26;39.83;2016/09/05;2016/09/11
Cattle;AB3;112.0;284.93;35.11;36.68;31.0;39.9;2016/09/05;2016/09/11
Cattle;B2;495.0;259.42;33.52;33.99;29.95;39.8;2016/09/05;2016/09/11
Cattle;B3;109.0;282.64;33.19;34.39;31.0;39.8;2016/09/05;2016/09/11
Cattle;C2;2219.0;249.71;32.08;32.66;29.0;36.48;2016/09/05;2016/09/11
Cattle;C3;664.0;288.95;32.18;32.68;29.0;36.72;2016/09/05;2016/09/11
Cattle;A2;12028.0;255.85;38.0;37.59;34.93;40.0;2016/09/12;2016/09/18
Cattle;A3;1130.0;272.64;37.96;37.84;35.99;40.0;2016/09/12;2016/09/18
Cattle;AB2;498.0;262.0;36.26;36.37;28.5;39.9;2016/09/12;2016/09/18
Cattle;AB3;97.0;288.04;36.26;36.26;34.77;39.9;2016/09/12;2016/09/18
Cattle;B2;534.0;246.93;33.39;34.09;29.95;39.8;2016/09/12;2016/09/18
Cattle;B3;67.0;269.63;33.21;33.98;29.41;39.8;2016/09/12;2016/09/18
Cattle;C2;1900.0;252.82;32.03;32.54;30.29;36.92;2016/09/12;2016/09/18
Cattle;C3;623.0;282.23;32.22;32.61;30.0;35.76;2016/09/12;2016/09/18
Cattle;A2;9627.0;258.68;37.89;37.8;30.82;40.01;2016/09/19;2016/09/25
Cattle;A3;969.0;269.58;37.91;38.05;36.5;40.0;2016/09/19;2016/09/25
Cattle;AB2;313.0;257.09;35.96;37.28;31.0;40.97;2016/09/19;2016/09/25
Cattle;AB3;72.0;278.2;35.69;37.91;32.0;40.97;2016/09/19;2016/09/25
Cattle;B2;327.0;250.62;33.03;33.89;30.68;40.37;2016/09/19;2016/09/25
Cattle;B3;89.0;286.13;33.37;34.74;32.0;40.37;2016/09/19;2016/09/25
Cattle;C2;1459.0;256.79;32.36;32.64;29.0;35.5;2016/09/19;2016/09/25
Cattle;C3;457.0;284.15;32.63;33.03;30.49;35.5;2016/09/19;2016/09/25
Cattle;A2;13140.0;255.67;37.89;38.08;34.0;40.5;2016/09/26;2016/10/02
Cattle;A3;1199.0;269.82;37.74;38.12;34.82;40.5;2016/09/26;2016/10/02
Cattle;AB2;409.0;263.89;36.39;36.96;32.0;41.31;2016/09/26;2016/10/02
Cattle;AB3;73.0;274.2;36.07;36.6;32.0;41.31;2016/09/26;2016/10/02
Cattle;B2;349.0;245.71;33.64;35.32;31.95;41.51;2016/09/26;2016/10/02
Cattle;B3;52.0;288.12;33.53;34.27;31.8;41.51;2016/09/26;2016/10/02
Cattle;C2;1228.0;248.31;32.42;32.6;29.41;34.78;2016/09/26;2016/10/02
Cattle;C3;457.0;279.34;32.73;32.9;29.41;35.5;2016/09/26;2016/10/02
Cattle;A2;12204.0;262.79;35.46;35.42;33.0;36.0;2016/01/25;2016/01/31
Cattle;A3;1597.0;276.45;35.63;35.43;32.76;36.0;2016/01/25;2016/01/31
Cattle;AB2;356.0;257.41;33.96;33.3;28.17;35.3;2016/01/25;2016/01/31
Cattle;AB3;72.0;287.05;34.3;32.55;30.0;35.3;2016/01/25;2016/01/31
Cattle;B2;221.0;241.12;30.29;30.59;26.93;34.9;2016/01/25;2016/01/31
Cattle;B3;48.0;274.64;31.23;30.7;27.0;34.9;2016/01/25;2016/01/31
Cattle;C2;1362.0;246.64;28.65;28.49;24.26;31.0;2016/01/25;2016/01/31
Cattle;C3;256.0;288.49;29.32;29.12;26.01;32.8;2016/01/25;2016/01/31
Cattle;A2;10194.0;270.34;46.37;47.08;45.58;48.42;2018/01/22;2018/01/28
Cattle;A3;1295.0;272.84;46.38;46.87;45.84;47.95;2018/01/22;2018/01/28
Cattle;AB2;780.0;264.65;45.16;46.66;44.36;49.5;2018/01/22;2018/01/28
Cattle;AB3;126.0;282.92;44.9;46.17;44.29;49.39;2018/01/22;2018/01/28
Cattle;B2;422.0;249.92;43.18;44.21;42.3;45.43;2018/01/22;2018/01/28
Cattle;B3;112.0;294.62;43.5;44.41;43.15;45.45;2018/01/22;2018/01/28
Cattle;C2;1108.0;251.48;42.55;42.36;40.75;44.74;2018/01/22;2018/01/28
Cattle;C3;464.0;275.81;42.9;42.97;41.45;45.24;2018/01/22;2018/01/28
Cattle;A0;59.0;14.82;65.24;67.79;64.0;68.0;2018/01/22;2018/01/28
Cattle;A1;318.0;16.88;73.76;76.59;66.12;78.0;2018/01/22;2018/01/28
Cattle;A2;9682.0;21.69;73.03;72.6;70.03;73.25;2018/01/22;2018/01/28
Cattle;A3;1690.0;24.49;73.14;71.58;70.39;73.32;2018/01/22;2018/01/28
Cattle;A4;284.0;25.67;84.04;63.88;61.94;71.89;2018/01/22;2018/01/28
Cattle;A5;24.0;24.9;58.63;57.66;53.01;65.25;2018/01/22;2018/01/28
Cattle;A6;13.0;26.8;58.81;55.97;51.2;67.98;2018/01/22;2018/01/28
Cattle;AB2;256.0;22.18;64.06;63.56;57.3;70.71;2018/01/22;2018/01/28
Cattle;AB3;36.0;23.73;63.5;63.75;62.13;67.92;2018/01/22;2018/01/28
Cattle;B2;268.0;24.15;56.11;59.68;46.6;64.89;2018/01/22;2018/01/28
Cattle;B3;11.0;29.45;55.42;56.21;50.0;58.0;2018/01/22;2018/01/28
Cattle;C2;770.0;24.88;51.56;54.13;50.11;57.93;2018/01/22;2018/01/28
Cattle;C3;96.0;36.63;54.22;55.49;51.6;57.1;2018/01/22;2018/01/28
Cattle;A2;12466.0;262.22;40.49;40.84;38.07;44.15;2017/01/23;2017/01/29
Cattle;A3;1582.0;281.45;40.45;41.09;38.0;44.15;2017/01/23;2017/01/29
Cattle;AB2;501.0;265.41;39.12;39.27;31.5;44.23;2017/01/23;2017/01/29
Cattle;AB3;97.0;270.83;38.73;38.96;34.0;41.5;2017/01/23;2017/01/29
Cattle;B2;325.0;244.16;35.87;37.51;32.5;44.26;2017/01/23;2017/01/29
Cattle;B3;88.0;282.22;35.69;37.06;32.5;39.5;2017/01/23;2017/01/29
Cattle;C2;1545.0;246.58;34.83;35.07;27.59;37.5;2017/01/23;2017/01/29
Cattle;C3;371.0;281.69;34.94;35.58;32.5;38.0;2017/01/23;2017/01/29
Cattle;A2;12967.0;256.91;37.94;37.7;36.5;43.0;2016/10/03;2016/10/09
Cattle;A3;1214.0;277.27;38.03;37.84;36.5;40.8;2016/10/03;2016/10/09
Cattle;AB2;428.0;259.88;36.27;36.81;30.05;39.8;2016/10/03;2016/10/09
Cattle;AB3;98.0;288.83;36.02;36.63;32.0;39.8;2016/10/03;2016/10/09
Cattle;B2;419.0;692.24;32.59;32.31;29.95;36.5;2016/10/03;2016/10/09
Cattle;B3;107.0;284.63;33.49;34.62;31.08;36.5;2016/10/03;2016/10/09
Cattle;C2;1860.0;245.0;32.22;33.09;30.11;35.5;2016/10/03;2016/10/09
Cattle;C3;636.0;281.36;32.66;33.86;30.11;35.5;2016/10/03;2016/10/09
Cattle;A2;11549.0;262.38;37.65;37.35;36.47;40.8;2016/10/10;2016/10/16
Cattle;A3;1573.0;274.85;38.0;37.62;36.5;40.95;2016/10/10;2016/10/16
Cattle;AB2;416.0;257.47;36.22;36.91;32.0;39.8;2016/10/10;2016/10/16
Cattle;AB3;130.0;284.28;36.36;37.08;34.0;39.8;2016/10/10;2016/10/16
Cattle;B2;312.0;252.91;33.22;34.18;27.8;41.22;2016/10/10;2016/10/16
Cattle;B3;83.0;291.26;33.97;33.94;27.12;36.5;2016/10/10;2016/10/16
Cattle;C2;1518.0;245.73;32.35;33.29;29.45;35.96;2016/10/10;2016/10/16
Cattle;C3;493.0;276.35;32.59;33.5;29.57;35.5;2016/10/10;2016/10/16
Cattle;A2;12934.0;260.91;37.76;37.34;35.6;39.8;2016/10/17;2016/10/23
Cattle;A3;1819.0;275.08;37.94;37.2;36.0;39.8;2016/10/17;2016/10/23
Cattle;AB2;511.0;264.65;35.94;36.23;31.94;39.28;2016/10/17;2016/10/23
Cattle;AB3;126.0;284.57;36.07;35.94;33.0;38.9;2016/10/17;2016/10/23
Cattle;B2;380.0;252.58;33.29;33.8;27.93;40.06;2016/10/17;2016/10/23
Cattle;B3;89.0;297.77;33.72;33.93;29.0;40.06;2016/10/17;2016/10/23
Cattle;C2;1889.0;246.75;32.47;32.95;30.0;35.96;2016/10/17;2016/10/23
Cattle;C3;461.0;284.08;32.57;32.81;30.29;35.5;2016/10/17;2016/10/23
Cattle;A0;296.0;13.7;45.53;47.02;41.5;53.25;2016/10/17;2016/10/23
Cattle;A1;2078.0;17.02;55.85;58.69;49.0;53.73;2016/10/17;2016/10/23
Cattle;A2;14535.0;20.21;57.81;59.06;55.92;62.83;2016/10/17;2016/10/23
Cattle;A3;2768.0;21.93;58.63;58.62;55.33;62.35;2016/10/17;2016/10/23
Cattle;A4;698.0;22.48;49.48;51.01;44.33;54.47;2016/10/17;2016/10/23
Cattle;A5;210.0;22.3;46.01;47.45;39.97;51.17;2016/10/17;2016/10/23
Cattle;A6;343.0;20.9;48.09;46.47;46.39;52.0;2016/10/17;2016/10/23
Cattle;AB2;165.0;21.91;50.05;52.18;45.09;58.85;2016/10/17;2016/10/23
Cattle;AB3;24.0;27.44;52.25;53.53;50.76;58.0;2016/10/17;2016/10/23
Cattle;B2;428.0;25.12;45.01;50.86;42.0;55.28;2016/10/17;2016/10/23
Cattle;B3;64.0;28.42;46.05;47.76;43.0;54.0;2016/10/17;2016/10/23
Cattle;C2;1057.0;25.34;42.98;44.32;35.54;48.58;2016/10/17;2016/10/23
Cattle;C3;318.0;28.48;45.2;45.65;41.0;51.07;2016/10/17;2016/10/23
Cattle;A2;14768.0;261.88;36.9;37.43;34.9;40.5;2016/10/24;2016/10/30
Cattle;A3;2337.0;247.85;37.06;36.65;35.75;40.5;2016/10/24;2016/10/30
Cattle;AB2;620.0;261.67;35.56;36.15;28.1;38.9;2016/10/24;2016/10/30
Cattle;AB3;204.0;281.49;35.45;35.86;33.16;38.9;2016/10/24;2016/10/30
Cattle;B2;455.0;247.11;32.49;33.46;24.11;38.02;2016/10/24;2016/10/30
Cattle;B3;77.0;281.39;33.2;34.37;29.0;38.02;2016/10/24;2016/10/30
Cattle;C2;1472.0;246.17;32.33;33.34;28.0;35.5;2016/10/24;2016/10/30
Cattle;C3;362.0;283.35;32.23;33.18;30.92;35.5;2016/10/24;2016/10/30
Cattle;A2;13837.0;259.68;37.7;37.28;35.5;39.8;2016/10/31;2016/11/06
Cattle;A3;2057.0;278.39;37.72;37.41;35.86;39.8;2016/10/31;2016/11/06
Cattle;AB2;495.0;255.67;35.95;35.99;31.5;39.3;2016/10/31;2016/11/06
Cattle;AB3;132.0;284.38;36.16;35.97;31.5;39.3;2016/10/31;2016/11/06
Cattle;B2;463.0;250.46;33.66;33.97;31.24;37.1;2016/10/31;2016/11/06
Cattle;B3;87.0;270.94;34.3;34.09;31.86;36.9;2016/10/31;2016/11/06
Cattle;C2;1768.0;249.38;32.7;33.14;28.0;35.5;2016/10/31;2016/11/06
Cattle;C3;456.0;279.59;32.99;33.13;29.28;35.5;2016/10/31;2016/11/06
Cattle;A2;12679.0;260.55;37.74;35.03;33.5;39.8;2016/11/07;2016/11/13
Cattle;A3;1588.0;277.57;37.62;36.95;34.86;40.5;2016/11/07;2016/11/13
Cattle;AB2;588.0;264.43;35.69;36.15;32.0;40.04;2016/11/07;2016/11/13
Cattle;AB3;135.0;287.95;35.72;35.6;26.0;40.04;2016/11/07;2016/11/13
Cattle;B2;450.0;247.51;33.29;33.5;29.5;38.98;2016/11/07;2016/11/13
Cattle;B3;68.0;272.53;33.54;33.91;29.73;36.46;2016/11/07;2016/11/13
Cattle;C2;1623.0;251.37;32.88;33.19;29.5;35.5;2016/11/07;2016/11/13
Cattle;C3;454.0;285.41;32.75;33.3;29.86;35.81;2016/11/07;2016/11/13
Cattle;A2;8861.0;265.6;45.49;45.94;43.45;47.77;2017/11/13;2017/11/19
Cattle;A3;1032.0;286.38;45.63;45.55;43.59;46.53;2017/11/13;2017/11/19
Cattle;AB2;814.0;264.43;44.63;45.36;43.83;47.4;2017/11/13;2017/11/19
Cattle;AB3;149.0;278.31;44.02;45.09;42.9;47.4;2017/11/13;2017/11/19
Cattle;B2;426.0;255.07;42.66;42.29;40.7;43.9;2017/11/13;2017/11/19
Cattle;B3;126.0;274.58;42.36;42.55;41.32;43.62;2017/11/13;2017/11/19
Cattle;C2;1094.0;254.64;41.38;40.94;38.82;42.61;2017/11/13;2017/11/19
Cattle;C3;426.0;285.84;41.52;40.59;38.0;42.28;2017/11/13;2017/11/19
Cattle;A2;11872.0;264.21;37.55;37.05;30.5;39.4;2016/11/14;2016/11/20
Cattle;A3;1485.0;281.67;37.55;37.01;33.5;39.76;2016/11/14;2016/11/20
Cattle;AB2;546.0;263.08;35.77;35.76;30.5;39.3;2016/11/14;2016/11/20
Cattle;AB3;85.0;284.08;35.98;35.99;33.78;39.3;2016/11/14;2016/11/20
Cattle;B2;445.0;241.67;33.77;33.7;28.5;36.5;2016/11/14;2016/11/20
Cattle;B3;72.0;274.4;33.56;33.53;31.34;34.54;2016/11/14;2016/11/20
Cattle;C2;1294.0;240.11;33.13;33.22;30.0;35.5;2016/11/14;2016/11/20
Cattle;C3;418.0;280.01;33.13;33.15;26.25;35.5;2016/11/14;2016/11/20
Cattle;A2;15999.0;263.41;37.6;36.9;35.76;39.66;2016/11/21;2016/11/27
Cattle;A3;2180.0;283.2;37.58;35.49;26.28;39.09;2016/11/21;2016/11/27
Cattle;AB2;623.0;261.98;36.33;36.25;32.5;40.06;2016/11/21;2016/11/27
Cattle;AB3;139.0;292.83;36.38;36.18;33.35;40.06;2016/11/21;2016/11/27
Cattle;B2;379.0;247.59;34.08;33.96;25.32;36.5;2016/11/21;2016/11/27
Cattle;B3;72.0;286.51;34.41;33.6;25.32;41.85;2016/11/21;2016/11/27
Cattle;C2;1252.0;248.29;33.18;33.3;29.65;35.5;2016/11/21;2016/11/27
Cattle;C3;351.0;278.6;33.13;33.52;29.65;36.0;2016/11/21;2016/11/27
Cattle;A2;17718.0;260.64;37.93;37.84;36.0;44.32;2016/11/28;2016/12/04
Cattle;A3;2303.0;280.01;38.0;37.79;36.0;42.15;2016/11/28;2016/12/04
Cattle;AB2;726.0;259.85;36.59;37.39;31.5;40.5;2016/11/28;2016/12/04
Cattle;AB3;160.0;282.44;36.64;37.24;33.6;39.79;2016/11/28;2016/12/04
Cattle;B2;337.0;236.86;34.09;34.86;32.0;40.35;2016/11/28;2016/12/04
Cattle;B3;63.0;289.09;34.03;34.5;32.0;37.54;2016/11/28;2016/12/04
Cattle;C2;1181.0;249.64;33.18;33.89;27.85;36.5;2016/11/28;2016/12/04
Cattle;C3;313.0;279.31;33.53;33.85;31.0;36.5;2016/11/28;2016/12/04
Cattle;A2;19017.0;262.04;38.52;38.36;35.99;43.2;2016/12/05;2016/12/11
Cattle;A3;2555.0;279.12;38.55;38.31;36.5;42.15;2016/12/05;2016/12/11
Cattle;AB2;724.0;253.76;37.42;37.85;34.0;42.12;2016/12/05;2016/12/11
Cattle;AB3;182.0;282.43;37.53;37.66;31.0;40.7;2016/12/05;2016/12/11
Cattle;B2;408.0;240.93;34.26;35.83;32.0;41.04;2016/12/05;2016/12/11
Cattle;B3;57.0;279.34;34.66;35.29;32.5;39.0;2016/12/05;2016/12/11
Cattle;C2;1622.0;251.64;33.64;34.9;26.92;39.96;2016/12/05;2016/12/11
Cattle;C3;347.0;281.14;33.58;35.16;32.0;38.5;2016/12/05;2016/12/11
Cattle;A2;12080.0;263.76;36.56;36.69;26.5;39.5;2016/02/01;2016/02/07
Cattle;A3;1458.0;280.76;36.43;36.23;34.12;39.5;2016/02/01;2016/02/07
Cattle;AB2;439.0;257.57;34.45;35.33;30.61;38.5;2016/02/01;2016/02/07
Cattle;AB3;74.0;283.26;34.87;35.68;31.0;37.0;2016/02/01;2016/02/07
Cattle;B2;361.0;244.36;31.76;32.47;28.83;35.5;2016/02/01;2016/02/07
Cattle;B3;70.0;275.24;31.26;31.59;28.8;35.0;2016/02/01;2016/02/07
Cattle;C2;1583.0;255.6;29.96;30.07;27.5;35.0;2016/02/01;2016/02/07
Cattle;C3;337.0;287.8;30.33;30.83;27.7;34.5;2016/02/01;2016/02/07
Cattle;A2;11465.0;263.76;42.88;42.95;38.45;45.0;2017/01/30;2017/02/05
Cattle;A3;1255.0;284.41;42.84;42.87;36.0;45.0;2017/01/30;2017/02/05
Cattle;AB2;483.0;256.1;41.2;41.87;32.5;44.0;2017/01/30;2017/02/05
Cattle;AB3;104.0;288.17;41.4;42.61;34.0;44.0;2017/01/30;2017/02/05
Cattle;B2;445.0;241.64;35.73;37.96;30.08;40.3;2017/01/30;2017/02/05
Cattle;B3;96.0;272.94;36.34;37.22;33.51;40.3;2017/01/30;2017/02/05
Cattle;C2;1778.0;242.68;35.25;35.02;33.93;39.0;2017/01/30;2017/02/05
Cattle;C3;560.0;274.35;35.15;36.48;33.95;39.0;2017/01/30;2017/02/05
Cattle;A2;16943.0;261.15;39.11;39.74;30.23;43.25;2016/12/19;2016/12/25
Cattle;A3;2512.0;282.58;39.19;40.37;36.0;43.09;2016/12/19;2016/12/25
Cattle;AB2;517.0;266.99;36.94;38.09;32.5;42.81;2016/12/19;2016/12/25
Cattle;AB3;132.0;289.03;36.92;39.74;36.38;42.81;2016/12/19;2016/12/25
Cattle;B2;440.0;242.87;35.12;36.59;33.5;43.87;2016/12/19;2016/12/25
Cattle;B3;77.0;263.42;34.94;37.26;32.75;43.87;2016/12/19;2016/12/25
Cattle;C2;1380.0;254.31;34.25;33.37;31.5;39.96;2016/12/19;2016/12/25
Cattle;C3;397.0;282.36;34.57;33.37;31.5;38.5;2016/12/19;2016/12/25
Cattle;A2;7887.0;258.72;38.02;37.51;31.0;39.9;2016/02/08;2016/02/14
Cattle;A3;931.0;280.54;37.9;37.68;35.5;39.9;2016/02/08;2016/02/14
Cattle;AB2;403.0;264.12;36.26;34.56;26.7;40.32;2016/02/08;2016/02/14
Cattle;AB3;51.0;293.93;36.92;36.69;33.5;40.32;2016/02/08;2016/02/14
Cattle;B2;323.0;248.26;33.66;32.57;27.39;36.5;2016/02/08;2016/02/14
Cattle;B3;39.0;282.73;34.4;32.85;29.9;36.32;2016/02/08;2016/02/14
Cattle;C2;1376.0;250.09;31.28;31.11;27.61;35.5;2016/02/08;2016/02/14
Cattle;C3;226.0;300.88;31.46;31.22;28.0;35.5;2016/02/08;2016/02/14
Cattle;A2;11515.0;259.34;43.87;43.12;39.52;47.5;2017/02/06;2017/02/12
Cattle;A3;1446.0;276.26;43.67;43.58;42.02;47.5;2017/02/06;2017/02/12
Cattle;AB2;431.0;248.08;40.87;40.93;31.84;47.5;2017/02/06;2017/02/12
Cattle;AB3;87.0;278.55;41.83;41.54;38.5;45.0;2017/02/06;2017/02/12
Cattle;B2;371.0;252.42;36.92;38.07;31.0;41.58;2017/02/06;2017/02/12
Cattle;B3;69.0;255.03;36.48;37.17;34.5;39.95;2017/02/06;2017/02/12
Cattle;C2;1563.0;251.89;35.95;36.61;32.5;39.42;2017/02/06;2017/02/12
Cattle;C3;416.0;275.21;36.06;37.03;34.5;39.0;2017/02/06;2017/02/12
Cattle;A2;8613.0;258.69;37.92;37.78;27.5;39.9;2016/02/15;2016/02/21
Cattle;A3;1428.0;279.99;37.72;37.89;36.0;39.9;2016/02/15;2016/02/21
Cattle;AB2;595.0;264.12;35.96;36.36;32.5;38.0;2016/02/15;2016/02/21
Cattle;AB3;94.0;286.77;36.2;36.49;32.5;38.42;2016/02/15;2016/02/21
Cattle;B2;487.0;242.95;33.24;33.37;25.5;36.0;2016/02/15;2016/02/21
Cattle;B3;43.0;264.2;33.15;32.79;25.5;35.92;2016/02/15;2016/02/21
Cattle;C2;1812.0;244.3;32.19;31.76;29.71;34.59;2016/02/15;2016/02/21
Cattle;C3;328.0;279.07;32.63;31.93;29.58;34.59;2016/02/15;2016/02/21
Cattle;A2;7691.0;263.57;43.68;43.61;41.0;46.04;2017/02/13;2017/02/19
Cattle;A3;877.0;290.84;43.27;43.79;40.73;46.05;2017/02/13;2017/02/19
Cattle;AB2;353.0;252.38;40.73;41.67;35.0;44.88;2017/02/13;2017/02/19
Cattle;AB3;102.0;253.89;42.03;43.01;37.0;44.88;2017/02/13;2017/02/19
Cattle;B2;330.0;244.69;37.17;38.19;32.5;44.88;2017/02/13;2017/02/19
Cattle;B3;58.0;264.39;37.07;37.73;33.5;39.72;2017/02/13;2017/02/19
Cattle;C2;1567.0;252.7;35.91;36.12;32.5;39.96;2017/02/13;2017/02/19
Cattle;C3;431.0;272.9;35.85;36.5;26.06;38.0;2017/02/13;2017/02/19
Cattle;A2;10961.0;261.85;37.23;38.11;33.0;40.5;2016/02/22;2016/02/29
Cattle;A3;1603.0;275.06;37.18;38.32;36.75;40.5;2016/02/22;2016/02/29
Cattle;AB2;640.0;262.62;36.12;37.41;32.73;40.5;2016/02/22;2016/02/29
Cattle;AB3;109.0;277.77;35.94;37.39;33.21;40.5;2016/02/22;2016/02/29
Cattle;B2;423.0;254.79;33.66;34.08;31.0;36.9;2016/02/22;2016/02/29
Cattle;B3;63.0;277.99;32.85;34.42;31.25;37.4;2016/02/22;2016/02/29
Cattle;C2;1729.0;251.64;31.49;32.04;25.5;35.5;2016/02/22;2016/02/29
Cattle;C3;442.0;279.78;31.95;32.94;30.14;35.5;2016/02/22;2016/02/29
Cattle;A2;10540.0;259.41;41.92;43.59;37.5;47.5;2017/02/20;2017/02/26
Cattle;A3;1157.0;274.14;44.0;43.8;42.8;49.59;2017/02/20;2017/02/26
Cattle;AB2;382.0;250.33;40.15;42.05;37.0;47.5;2017/02/20;2017/02/26
Cattle;AB3;57.0;272.17;40.74;41.86;39.12;43.51;2017/02/20;2017/02/26
Cattle;B2;326.0;241.46;35.98;37.71;26.55;40.8;2017/02/20;2017/02/26
Cattle;B3;63.0;263.06;33.91;37.82;34.95;40.8;2017/02/20;2017/02/26
Cattle;C2;1681.0;249.63;33.5;36.18;29.86;38.7;2017/02/20;2017/02/26
Cattle;C3;432.0;274.99;34.04;36.54;29.86;38.15;2017/02/20;2017/02/26
Cattle;A2;11463.0;261.18;38.57;38.73;34.5;42.15;2016/02/29;2016/03/06
Cattle;A3;2021.0;279.11;38.0;38.45;34.5;42.15;2016/02/29;2016/03/06
Cattle;AB2;593.0;257.96;36.64;36.85;30.5;42.15;2016/02/29;2016/03/06
Cattle;AB3;142.0;283.49;36.52;37.4;32.5;42.15;2016/02/29;2016/03/06
Cattle;B2;458.0;239.55;33.28;33.56;30.5;37.52;2016/02/29;2016/03/06
Cattle;B3;68.0;296.59;33.41;34.35;29.9;37.52;2016/02/29;2016/03/06
Cattle;C2;1970.0;249.94;30.87;31.35;29.5;35.5;2016/02/29;2016/03/06
Cattle;C3;520.0;241.9;31.1;31.24;29.5;35.59;2016/02/29;2016/03/06
Cattle;A2;13249.0;262.54;43.6;44.02;42.0;47.5;2017/02/27;2017/03/05
Cattle;A3;1198.0;274.59;43.41;43.93;40.0;47.5;2017/02/27;2017/03/05
Cattle;AB2;590.0;248.84;41.99;42.59;39.35;47.5;2017/02/27;2017/03/05
Cattle;AB3;87.0;273.36;41.62;42.35;38.0;45.49;2017/02/27;2017/03/05
Cattle;B2;327.0;251.74;37.73;38.3;34.95;40.8;2017/02/27;2017/03/05
Cattle;B3;75.0;270.23;37.79;38.15;36.0;40.8;2017/02/27;2017/03/05
Cattle;C2;1468.0;255.61;36.07;36.15;32.32;38.0;2017/02/27;2017/03/05
Cattle;C3;522.0;278.24;36.19;36.71;32.32;38.17;2017/02/27;2017/03/05
